case_id,patient_uid_hash,pathology_uid_hash,sex,age_at_scan,scan_year,phase,layer,match_status_simplified,label_5,label_5_id,label_5_source,pathology_class_5class,tensor,fold
G0002,415219307352eb24a5c47b06,a653c8a77770c3c34f652059,男,60,2020,薄层静脉期,薄层,matched,PPGL,2,from_label_4,副神经节瘤,data/cache_96slice/tensors/G0002.pt,3
G0009,f837fcfb196c173cadf54110,8c573e7568f7bcf301e74c2d,男,76,2024,薄层静脉期,薄层,matched,PPGL,2,from_label_4,副神经节瘤,data/cache_96slice/tensors/G0009.pt,0
G0012,42ddc82fd8898915f9830092,99b4a5df927db03853452446,男,74,2023,薄层静脉期,薄层,matched,淋巴瘤,3,from_label_4,淋巴瘤,data/cache_96slice/tensors/G0012.pt,0
G0013,ddaed5ae128069d42ca48b00,d1a507df4c458f0338888aca,男,86,2021,薄层静脉期,薄层,matched,淋巴瘤,3,from_label_4,淋巴瘤,data/cache_96slice/tensors/G0013.pt,0
G0017,e113a1e066fe9da4253d3a54,9a6efa0ef522fa553955df8a,女,45,2022,薄层静脉期,薄层,matched,淋巴瘤,3,from_label_4,淋巴瘤,data/cache_96slice/tensors/G0017.pt,0
G0018,561da1dcf558d422cd92f50f,917bd7241da5f68c0e3b8472,男,72,2020,薄层静脉期,薄层,matched,PPGL,2,from_label_4,副神经节瘤,data/cache_96slice/tensors/G0018.pt,0
G0019,904a232a4437db0d60eb97b3,4d1d5cc1a72093966058d251,男,61,2023,薄层静脉期,薄层,matched,淋巴瘤,3,from_label_4,淋巴瘤,data/cache_96slice/tensors/G0019.pt,3
G0020,3725dfcac2ac7cbee66b89b9,3e7a233caf9d08e6242aebc6,女,67,2018,薄层静脉期,薄层,matched,淋巴瘤,3,from_label_4,淋巴瘤,data/cache_96slice/tensors/G0020.pt,0
G0021,b897c6c581b1e97c19785fc5,58c0f6dfbf0e75e3bf14e4f5,男,83,2019,薄层静脉期,薄层,matched,淋巴瘤,3,from_label_4,淋巴瘤,data/cache_96slice/tensors/G0021.pt,0
G0023,11479a22d228c5baccaabf3a,85bcb55caa5613569a16ea2f,女,49,2022,薄层静脉期,薄层,matched,淋巴瘤,3,from_label_4,淋巴瘤,data/cache_96slice/tensors/G0023.pt,0
G0024,b4731593494906e3d9d30c46,780601e80e879b2f067387bf,女,69,2021,薄层静脉期,薄层,matched,淋巴瘤,3,from_label_4,淋巴瘤,data/cache_96slice/tensors/G0024.pt,0
G0030,7c4e70ba7eedb02ef1f3f238,4c06375c7717ea9c409cbc35,女,35,2022,薄层静脉期,薄层,matched,淋巴瘤,3,from_label_4,淋巴瘤,data/cache_96slice/tensors/G0030.pt,4
G0031,5da477e60a9f271d64e1bf4f,c5e8394eff75a4f453b3df02,女,48,2022,薄层静脉期,薄层,matched,淋巴瘤,3,from_label_4,淋巴瘤,data/cache_96slice/tensors/G0031.pt,4
G0037,31478116321e77bcd9a78a32,ea7127941f9da5491dfd16ee,男,44,2022,薄层静脉期,薄层,matched,PPGL,2,from_label_4,副神经节瘤,data/cache_96slice/tensors/G0037.pt,3
G0039,6d47fd4fb3cdf312d8024996,73f0be4719c6cd086be17da2,女,24,2022,薄层静脉期,薄层,matched,淋巴瘤,3,from_label_4,淋巴瘤,data/cache_96slice/tensors/G0039.pt,3
G0043,87d2f972676bff0eea78b998,1b77a8149e705588c7c3e490,女,75,2021,薄层静脉期,薄层,matched,淋巴瘤,3,from_label_4,淋巴瘤,data/cache_96slice/tensors/G0043.pt,4
G0053,ce9588b8bec1828bfd8ae099,df7b915c8911c5a6ad0459d6,男,33,2023,薄层静脉期,薄层,matched,淋巴瘤,3,from_label_4,淋巴瘤,data/cache_96slice/tensors/G0053.pt,3
G0054,1c5cf3a82a32866a7a568096,4691dc013260192df903a062,男,69,2018,薄层静脉期,薄层,matched,淋巴瘤,3,from_label_4,淋巴瘤,data/cache_96slice/tensors/G0054.pt,0
G0057,5e6a54ea86dd6822616ea359,728293774dbd99b210277681,女,25,2021,薄层静脉期,薄层,matched,淋巴瘤,3,from_label_4,淋巴瘤,data/cache_96slice/tensors/G0057.pt,0
G0058,05671cd1b24eba4153339b21,a32a4a8c399901e1e617e9ac,男,49,2017,薄层静脉期,薄层,matched,淋巴瘤,3,from_label_4,淋巴瘤,data/cache_96slice/tensors/G0058.pt,3
G0061,4c5d5d337d12245ebe57d763,cb6b5719893807d5a0721439,男,70,2019,薄层静脉期,薄层,matched,淋巴瘤,3,from_label_4,淋巴瘤,data/cache_96slice/tensors/G0061.pt,4
G0065,848b9e11d8291ea89ac01682,79b1ffa6d6c3089c7927f713,男,55,2020,薄层静脉期,薄层,matched,淋巴瘤,3,from_label_4,淋巴瘤,data/cache_96slice/tensors/G0065.pt,0
G0066,768dd873a9d0c072ed9cde77,e83458e6bbcedbb776626c4b,女,60,2022,薄层静脉期,薄层,matched,淋巴瘤,3,from_label_4,淋巴瘤,data/cache_96slice/tensors/G0066.pt,4
G0071,a009a99a08be03998d91db99,9fbbeb98cc825a1e28a6a8c1,女,76,2021,薄层静脉期,薄层,matched,淋巴瘤,3,from_label_4,淋巴瘤,data/cache_96slice/tensors/G0071.pt,0
G0074,882467158c1df1911907abcc,1fb003f219023dd7df7c574d,女,67,2021,薄层静脉期,薄层,matched,PPGL,2,from_label_4,副神经节瘤,data/cache_96slice/tensors/G0074.pt,0
G0076,9fbc7679b23ef092f141699b,88759becf1ce6c14018fc327,女,64,2022,薄层静脉期,薄层,matched,淋巴瘤,3,from_label_4,淋巴瘤,data/cache_96slice/tensors/G0076.pt,4
G0080,0e11db2216e7d5c1a2d52843,57df24652c350fd670b63ed0,男,66,2016,薄层静脉期,薄层,matched,淋巴瘤,3,from_label_4,淋巴瘤,data/cache_96slice/tensors/G0080.pt,0
G0081,862a698e65862c169e8de283,4292effa28d50e87f36e5091,男,70,2020,薄层静脉期,薄层,matched,淋巴瘤,3,from_label_4,淋巴瘤,data/cache_96slice/tensors/G0081.pt,3
G0087,98d45fd184aa2c5155c92484,0d796fd9ee920b3f75a6b5f3,男,71,2020,薄层静脉期,薄层,matched,淋巴瘤,3,from_label_4,淋巴瘤,data/cache_96slice/tensors/G0087.pt,4
G0088,21c8c1dc2293c35358836b2f,57334260fcc4bbd5d7996c47,男,43,2021,薄层静脉期,薄层,matched,淋巴瘤,3,from_label_4,淋巴瘤,data/cache_96slice/tensors/G0088.pt,0
G0089,f73e8d16888b892f1670f09f,1f35455f5778382ff6c0043b,男,61,2022,薄层静脉期,薄层,matched,淋巴瘤,3,from_label_4,淋巴瘤,data/cache_96slice/tensors/G0089.pt,4
G0090,f7238bde9265309303842a92,57ec23696413aeb411c4ceeb,女,58,2022,薄层静脉期,薄层,matched,淋巴瘤,3,from_label_4,淋巴瘤,data/cache_96slice/tensors/G0090.pt,3
G0094,068d4285b67b094b9a82df81,1455fd69131302de5d0c511f,女,68,2018,薄层静脉期,薄层,ambiguous,肉瘤类,0,from_label_4,平滑肌肉瘤,data/cache_96slice/tensors/G0094.pt,0
G0096,a892b1f5792fd3d200c57734,579f9b221f92e71ba1cdfaef,女,53,2023,薄层静脉期,薄层,matched,肉瘤类,0,from_label_4,平滑肌肉瘤,data/cache_96slice/tensors/G0096.pt,3
G0098,75afcb1e30afdcb74f89cdac,7b4e5986cdb7f4a580261d1a,女,71,2023,薄层静脉期,薄层,matched,肉瘤类,0,from_label_4,平滑肌肉瘤,data/cache_96slice/tensors/G0098.pt,0
G0101,d83585cb677bf9d5d418c1af,4516aeb92a133180307c408f,女,54,2022,薄层静脉期,薄层,matched,肉瘤类,0,from_label_4,平滑肌肉瘤,data/cache_96slice/tensors/G0101.pt,4
G0103,49d09e02d7f36da3ce5627bc,714cb10fae8e78b3a3f70207,女,70,2023,薄层门脉期,薄层,ambiguous,肉瘤类,0,from_label_4,平滑肌肉瘤,data/cache_96slice/tensors/G0103.pt,0
G0107,d616910f916d208b1b0498a0,9821a886d3e2bbc481f8b62b,男,57,2022,薄层静脉期,薄层,matched,淋巴瘤,3,from_label_4,淋巴瘤,data/cache_96slice/tensors/G0107.pt,4
G0108,3435abfe3d29c85dfa0c5582,a4cd41add2912059f8c498f2,女,55,2021,薄层静脉期,薄层,matched,肉瘤类,0,from_label_4,平滑肌肉瘤,data/cache_96slice/tensors/G0108.pt,3
G0113,26b1dd750674611dc33a5211,72598cd307e7de3dffaad38b,女,44,2021,薄层静脉期,薄层,matched,肉瘤类,0,from_label_4,平滑肌肉瘤,data/cache_96slice/tensors/G0113.pt,4
G0117,45480f0880b1c9bc483ba8fd,422f8af19d653e26e68da79f,女,42,2023,薄层静脉期,薄层,matched,肉瘤类,0,from_label_4,平滑肌肉瘤,data/cache_96slice/tensors/G0117.pt,3
G0121,01275ceaad05380981c724f8,bd19209b36e7aa667e5f3353,女,61,2019,薄层静脉期,薄层,ambiguous,肉瘤类,0,from_label_4,平滑肌肉瘤,data/cache_96slice/tensors/G0121.pt,3
G0123,834d0b816cc398d0e95c0895,d99c387c6e72291674d7d2d8,男,56,2018,薄层静脉期,薄层,matched,肉瘤类,0,from_label_4,平滑肌肉瘤,data/cache_96slice/tensors/G0123.pt,3
G0130,f3da05037621ea997161e145,28ae0ee33b2b8a96131334a9,女,53,2024,薄层静脉期,薄层,matched,肉瘤类,0,from_label_4,平滑肌肉瘤,data/cache_96slice/tensors/G0130.pt,3
G0131,6131424639cf0db7fd3fd096,acc19c23c8ba2c981cd70cde,女,32,2024,薄层静脉期,薄层,matched,肉瘤类,0,from_label_4,平滑肌肉瘤,data/cache_96slice/tensors/G0131.pt,3
G0132,17cef8d5c058965d09db2daf,6992d4b672d733da362cd934,女,67,2021,薄层静脉期,薄层,matched,肉瘤类,0,from_label_4,平滑肌肉瘤,data/cache_96slice/tensors/G0132.pt,3
G0134,6895840ceba382f975ed6374,d108c1b7fa5678fa8ac519f0,女,48,2022,薄层静脉期,薄层,matched,肉瘤类,0,from_label_4,平滑肌肉瘤,data/cache_96slice/tensors/G0134.pt,4
G0139,9cea89ccfa9d07c85eb12026,2f9f2f811add5175bef53d1d,男,64,2020,薄层静脉期,薄层,matched,良性神经源性肿瘤,1,from_label_4,神经鞘瘤,data/cache_96slice/tensors/G0139.pt,4
G0146,03db530b171b4b26c897774f,ef3718a48f5b8c5e74d619ff,女,30,2022,薄层静脉期,薄层,matched,PPGL,2,from_label_4,副神经节瘤,data/cache_96slice/tensors/G0146.pt,4
G0149,48c2dcbbd6f383b40f319655,ba9d261bca5436690681e26f,女,58,2022,薄层静脉期,薄层,matched,良性神经源性肿瘤,1,from_label_4,神经鞘瘤,data/cache_96slice/tensors/G0149.pt,3
G0152,18f0da762e37f7f6d2932712,ed4fdcdf3cdcb4c76c95cc39,男,54,2021,薄层静脉期,薄层,matched,良性神经源性肿瘤,1,from_label_4,神经鞘瘤,data/cache_96slice/tensors/G0152.pt,3
G0153,a9b46ff74325fd09292d9b68,a51e33fd59d95a4287ef9440,女,55,2023,薄层静脉期,薄层,matched,良性神经源性肿瘤,1,from_label_4,神经鞘瘤,data/cache_96slice/tensors/G0153.pt,3
G0154,3596fb6f388c7219f52dcd5a,8c08cb3254fad152f2dbe0d0,男,73,2021,薄层静脉期,薄层,matched,良性神经源性肿瘤,1,from_label_4,神经鞘瘤,data/cache_96slice/tensors/G0154.pt,4
G0155,3c0e24686722029f29010338,04a55a5fb57fa6edfbc4d24c,男,35,2023,薄层静脉期,薄层,matched,良性神经源性肿瘤,1,from_label_4,神经鞘瘤,data/cache_96slice/tensors/G0155.pt,4
G0156,ad928e2f4abbfc4426f235e1,a541412fa6c5af8335cc9541,女,76,2024,薄层静脉期,薄层,matched,良性神经源性肿瘤,1,from_label_4,神经鞘瘤,data/cache_96slice/tensors/G0156.pt,0
G0159,da5c3158f2a6bc34608907b0,f3f6825a509cdda6b9dfd95f,女,70,2024,薄层静脉期,薄层,matched,良性神经源性肿瘤,1,from_label_4,神经鞘瘤,data/cache_96slice/tensors/G0159.pt,0
G0162,91cbb06505e1af87d852ca7c,6a659fbf424f26b3efdf5aff,男,58,2024,薄层静脉期,薄层,matched,良性神经源性肿瘤,1,from_label_4,神经鞘瘤,data/cache_96slice/tensors/G0162.pt,0
G0172,3f8bbcb1782d25c14e055927,6e16459d535f361daa2f4055,男,37,2024,薄层静脉期,薄层,matched,良性神经源性肿瘤,1,from_label_4,神经鞘瘤,data/cache_96slice/tensors/G0172.pt,0
G0173,b55a2743322272727692e082,9c8950c552ae84437afcb9a1,男,58,2020,薄层静脉期,薄层,matched,良性神经源性肿瘤,1,from_label_4,神经鞘瘤,data/cache_96slice/tensors/G0173.pt,3
G0177,93005d4bbb7496792ce6bcec,848f12dce1dd3544df126656,男,45,2023,薄层静脉期,薄层,matched,良性神经源性肿瘤,1,from_label_4,神经鞘瘤,data/cache_96slice/tensors/G0177.pt,4
G0178,a6b312ee3d23b48794bdb53c,9cdcadf2e91c06e1f1689ae9,男,67,2024,薄层静脉期,薄层,matched,良性神经源性肿瘤,1,from_label_4,神经鞘瘤,data/cache_96slice/tensors/G0178.pt,0
G0179,4891a6c0bde39028d7360a34,94430e6be88584d0255cf321,女,58,2022,薄层静脉期,薄层,matched,良性神经源性肿瘤,1,from_label_4,神经鞘瘤,data/cache_96slice/tensors/G0179.pt,3
G0182,be6df29f58a50ad8d3af58f4,afce458aed777e5bfdf89d31,男,72,2022,薄层静脉期,薄层,matched,良性神经源性肿瘤,1,from_label_4,神经鞘瘤,data/cache_96slice/tensors/G0182.pt,3
G0183,5f60410ca7698d172d0300da,4623b56b81a3a061ac1c96c8,男,44,2018,薄层门脉期,薄层,ambiguous,良性神经源性肿瘤,1,from_label_4,神经鞘瘤,data/cache_96slice/tensors/G0183.pt,3
G0186,21734ea4ce7d83a423e0c33b,9932a641304934090a2d7cb9,男,18,2023,薄层静脉期,薄层,no_pathology_name_match,PPGL,2,PGL_manual_match,副神经节瘤,data/cache_96slice/tensors/G0186.pt,4
G0190,338db40e4732632a65e65819,16696542f1082ab2f3f47224,女,35,2024,薄层静脉期,薄层,matched,良性神经源性肿瘤,1,from_label_4,神经鞘瘤,data/cache_96slice/tensors/G0190.pt,4
G0191,45dfa89fc4ed51b3a0b759bf,1d9dca13ea67c5e16c7df0e7,女,33,2024,薄层静脉期,薄层,matched,良性神经源性肿瘤,1,from_label_4,节细胞神经瘤,data/cache_96slice/tensors/G0191.pt,4
G0203,5b7d4720bd683ca808ae5bdf,969f8e410bd6050f6a830511,男,64,2021,薄层静脉期,薄层,matched,良性神经源性肿瘤,1,from_label_4,神经鞘瘤,data/cache_96slice/tensors/G0203.pt,3
G0204,2a40df0a602b254eb666ca5a,ccfb4bde0ccba942d3ad3456,女,59,2019,薄层静脉期,薄层,matched,良性神经源性肿瘤,1,from_label_4,神经鞘瘤,data/cache_96slice/tensors/G0204.pt,4
G0206,10fbca3882bd69dfe599577b,83271b9074d579c211f7e5ce,女,56,2022,薄层静脉期,薄层,matched,良性神经源性肿瘤,1,from_label_4,神经鞘瘤,data/cache_96slice/tensors/G0206.pt,4
G0207,d1de1f41ca0d6810753680e2,9dcfdf55f4e5f02a7fb7e5ee,男,29,2023,薄层静脉期,薄层,matched,良性神经源性肿瘤,1,from_label_4,神经鞘瘤,data/cache_96slice/tensors/G0207.pt,0
G0208,70a68b05269a0876ed9ea8db,a067846089f149264731cdae,男,40,2019,薄层静脉期,薄层,matched,良性神经源性肿瘤,1,from_label_4,神经鞘瘤,data/cache_96slice/tensors/G0208.pt,4
G0211,953de3567364ef120d495764,0af6dea091e7c8615a28a082,女,61,2023,薄层静脉期,薄层,matched,良性神经源性肿瘤,1,from_label_4,神经鞘膜瘤,data/cache_96slice/tensors/G0211.pt,3
G0216,a7ed0a1a0e8921a4f5ca82f0,3225a31037fa8defb8ecf1f5,男,60,2024,薄层静脉期,薄层,matched,PPGL,2,from_pathology_class,嗜铬细胞瘤,data/cache_96slice/tensors/G0216.pt,0
G0217,398ba8b311e2390eedc277ae,e58fa4142fee7b3754cca334,女,57,2020,薄层静脉期,薄层,matched,PPGL,2,from_pathology_class,嗜铬细胞瘤,data/cache_96slice/tensors/G0217.pt,3
G0219,717b37af88a784bfca2907c1,ff87b429429513db2958034b,男,66,2022,薄层静脉期,薄层,matched,PPGL,2,from_pathology_class,嗜铬细胞瘤,data/cache_96slice/tensors/G0219.pt,3
G0221,5e2ffce038fb13b902a09a8f,2bfa05a6071a142ad43345bd,男,61,2023,薄层静脉期,薄层,matched,PPGL,2,from_pathology_class,嗜铬细胞瘤,data/cache_96slice/tensors/G0221.pt,0
G0232,0a3e93ec47e1d80d084452e6,531f770cfd296ccbbd4a07e9,女,81,2023,薄层静脉期,薄层,matched,PPGL,2,from_pathology_class,嗜铬细胞瘤,data/cache_96slice/tensors/G0232.pt,4
G0235,3778a2da8ae89b8466e80af9,52e9fcf694c96f8bae5c3f4f,男,72,2021,薄层静脉期,薄层,ambiguous,PPGL,2,from_pathology_class,嗜铬细胞瘤,data/cache_96slice/tensors/G0235.pt,3
G0238,e11b46ba9a07ed8c7835830e,6ff86d33a95ec9d6681ac597,女,52,2023,薄层静脉期,薄层,matched,PPGL,2,from_pathology_class,嗜铬细胞瘤,data/cache_96slice/tensors/G0238.pt,0
G0239,4296092d7fe98fbad2c4b836,d2522c474311c704ef1f3557,男,83,2022,薄层静脉期,薄层,matched,PPGL,2,from_pathology_class,嗜铬细胞瘤,data/cache_96slice/tensors/G0239.pt,4
G0240,970636507c35724dced10b8b,946998207c3f404a7496135a,男,74,2023,薄层静脉期,薄层,matched,良性神经源性肿瘤,1,from_label_4,节细胞神经瘤,data/cache_96slice/tensors/G0240.pt,3
G0246,7c2442eb5bd412922ae322cb,ad60ccf0016afece84ce1de7,女,45,2013,薄层静脉期,薄层,matched,胃肠道间质瘤,4,from_pathology_class,胃肠道间质瘤,data/cache_96slice/tensors/G0246.pt,3
G0248,75fd5bc38c57789f4672d8af,93e9ceb424fcd02db31d86dc,男,73,2021,薄层静脉期,薄层,matched,胃肠道间质瘤,4,from_pathology_class,胃肠道间质瘤,data/cache_96slice/tensors/G0248.pt,0
G0256,cc443ba88da660aa60463819,b8e1854cfacf418d15d6eed6,女,66,2023,薄层静脉期,薄层,matched,胃肠道间质瘤,4,from_pathology_class,胃肠道间质瘤,data/cache_96slice/tensors/G0256.pt,4
G0257,92292a41d3c276fede668581,2710d1336ea74bf8db56abb5,女,51,2017,薄层静脉期,薄层,matched,胃肠道间质瘤,4,from_pathology_class,胃肠道间质瘤,data/cache_96slice/tensors/G0257.pt,0
G0260,0be11031f45df8e5bfa7c392,a1a7b3d40f50eb1cc526a7e0,男,65,2020,薄层静脉期,薄层,matched,胃肠道间质瘤,4,from_pathology_class,胃肠道间质瘤,data/cache_96slice/tensors/G0260.pt,3
G0261,67dd0e901647f29c7358ca31,d2d72b222315063016c7dba0,女,24,2018,薄层门脉期,薄层,matched,良性神经源性肿瘤,1,from_label_4,节细胞神经瘤,data/cache_96slice/tensors/G0261.pt,0
G0269,0ba2e699ada8b1c046c69d59,d4d8eac446bfddfcf5aa33d5,女,87,2021,薄层静脉期,薄层,matched,胃肠道间质瘤,4,from_pathology_class,胃肠道间质瘤,data/cache_96slice/tensors/G0269.pt,4
G0270,a4b213779e8c31512bea0620,95dd961ca6149a74c94d6e72,女,73,2023,薄层静脉期,薄层,matched,胃肠道间质瘤,4,from_pathology_class,胃肠道间质瘤,data/cache_96slice/tensors/G0270.pt,3
G0273,d4b2b1b08f89d14479f529b9,b333eff2e11f7bb7d9330951,女,72,2021,薄层静脉期,薄层,matched,肉瘤类,0,from_label_4,脂肪肉瘤,data/cache_96slice/tensors/G0273.pt,3
G0276,d4d47fa80951b1e75f8939f8,fc1b5c86a8014a4b648aacc6,男,72,2019,薄层静脉期,薄层,ambiguous,肉瘤类,0,from_label_4,脂肪肉瘤,data/cache_96slice/tensors/G0276.pt,3
G0277,38a3f5ebcaf95dea3697ed3e,3b6ceb5b14b09c75d3a8ee26,女,27,2023,薄层静脉期,薄层,matched,良性神经源性肿瘤,1,from_label_4,节细胞神经瘤,data/cache_96slice/tensors/G0277.pt,0
G0278,2977f2d59b46d2038a5734bf,c8152932f5db9a8deda3e338,男,53,2021,薄层静脉期,薄层,matched,肉瘤类,0,from_label_4,脂肪肉瘤,data/cache_96slice/tensors/G0278.pt,4
G0279,787c4fee26c94a6c0ac7d4ba,1e2bb865fbcd0c712cc9d634,男,62,2021,薄层静脉期,薄层,matched,肉瘤类,0,from_label_4,脂肪肉瘤,data/cache_96slice/tensors/G0279.pt,0
G0281,7c500f4b3de022151fca6b24,e199a590b25cfd93f33846a4,女,72,2023,薄层静脉期,薄层,matched,肉瘤类,0,from_label_4,脂肪肉瘤,data/cache_96slice/tensors/G0281.pt,4
G0285,4612cf45662445d043f963d1,2b1b01406fe9a55813dc1e2f,男,67,2020,薄层静脉期,薄层,matched,良性神经源性肿瘤,1,from_label_4,节细胞神经瘤,data/cache_96slice/tensors/G0285.pt,0
G0289,f2819329659fe18bacbe2145,57bb3ec7dccf35560e54bbb2,男,65,2024,薄层静脉期,薄层,matched,肉瘤类,0,from_label_4,脂肪肉瘤,data/cache_96slice/tensors/G0289.pt,0
G0293,e5c94a85a2bc5f9894178f09,7573c17330777b17ad95c909,男,47,2019,薄层静脉期,薄层,ambiguous,肉瘤类,0,from_label_4,脂肪肉瘤,data/cache_96slice/tensors/G0293.pt,3
G0294,d565b2c21cac57dd424305a9,8d06bc130f6ac07a24c009ae,男,59,2023,薄层静脉期,薄层,matched,肉瘤类,0,from_label_4,脂肪肉瘤,data/cache_96slice/tensors/G0294.pt,4
G0297,2ceb61483af3e6fa0ce00bfd,44c94769a60ab0c1670b8367,女,58,2022,薄层门脉期,薄层,matched,肉瘤类,0,from_label_4,脂肪肉瘤,data/cache_96slice/tensors/G0297.pt,3
G0300,9191f6473b7637ba4081dcad,1cacb597d3736c4f9dc1ae34,男,71,2020,薄层静脉期,薄层,ambiguous,肉瘤类,0,from_label_4,脂肪肉瘤,data/cache_96slice/tensors/G0300.pt,4
G0301,c257f644e4c0e56c76486640,578b4cf9045ba3708c816426,男,68,2021,薄层静脉期,薄层,matched,肉瘤类,0,from_label_4,脂肪肉瘤,data/cache_96slice/tensors/G0301.pt,3
G0303,fd5d9ac6b4e7412d4425ac5b,509fb8fe626b5b93f6019baf,女,48,2023,薄层静脉期,薄层,matched,肉瘤类,0,from_label_4,脂肪肉瘤,data/cache_96slice/tensors/G0303.pt,3
G0304,fd5d9ac6b4e7412d4425ac5b,509fb8fe626b5b93f6019baf,女,48,2024,薄层静脉期,薄层,matched,肉瘤类,0,from_label_4,脂肪肉瘤,data/cache_96slice/tensors/G0304.pt,3
G0309,5c34cf578535d7cd3ad3b7b9,d02af26e8210d818fd3ab6d3,男,53,2017,薄层静脉期,薄层,ambiguous,肉瘤类,0,from_label_4,脂肪肉瘤,data/cache_96slice/tensors/G0309.pt,4
G0315,25b1557308a5cc8c1dd81b42,c134380cb84d3c4ca3e3cf36,男,68,2019,薄层静脉期,薄层,matched,肉瘤类,0,from_label_4,脂肪肉瘤,data/cache_96slice/tensors/G0315.pt,3
G0316,accfa6321d74e3e75fbf342e,56dbc68e73bd8810a057aebf,女,59,2022,薄层静脉期,薄层,matched,肉瘤类,0,from_label_4,脂肪肉瘤,data/cache_96slice/tensors/G0316.pt,4
G0317,0d9077008d7034b09c9ca1f5,ea17a22b307563f0799ad504,男,65,2021,薄层静脉期,薄层,matched,肉瘤类,0,from_label_4,脂肪肉瘤,data/cache_96slice/tensors/G0317.pt,3
G0322,2169b7edbe90918b4d69fb5a,e5e7c7827fb65e8b1d40806b,女,24,2019,薄层静脉期,薄层,matched,良性神经源性肿瘤,1,from_label_4,节细胞神经瘤,data/cache_96slice/tensors/G0322.pt,3
G0325,b9796dc6b10a38488fd41543,eaba20be547d754a493d9443,男,63,2020,薄层静脉期,薄层,matched,肉瘤类,0,from_label_4,脂肪肉瘤,data/cache_96slice/tensors/G0325.pt,4
G0328,dec5b05b73ca67dc7dd6b93e,af6f34047478b31d925dc005,男,77,2024,薄层静脉期,薄层,matched,肉瘤类,0,from_label_4,脂肪肉瘤,data/cache_96slice/tensors/G0328.pt,4
G0329,88be4b45399d902ea6374cb2,c03060ba108f518efc52cb9c,女,58,2022,薄层静脉期,薄层,matched,肉瘤类,0,from_label_4,脂肪肉瘤,data/cache_96slice/tensors/G0329.pt,0
G0331,fbc138688494ad3b7f1c8ee3,a80d47460128b964488c2380,男,67,2022,薄层静脉期,薄层,matched,肉瘤类,0,from_label_4,脂肪肉瘤,data/cache_96slice/tensors/G0331.pt,0
G0335,29472323fd8d777059001994,db82da85cfc34407fc0795e1,女,77,2018,薄层静脉期,薄层,matched,肉瘤类,0,from_label_4,脂肪肉瘤,data/cache_96slice/tensors/G0335.pt,0
G0337,9b4c9546014a5cdd285e0d06,7cd69fe87ccfe06a141206d5,男,62,2022,薄层静脉期,薄层,matched,肉瘤类,0,from_label_4,脂肪肉瘤,data/cache_96slice/tensors/G0337.pt,3
G0340,4a40050398afc06beffe57e2,eac919baac084297a935e97b,男,68,2017,薄层静脉期,薄层,matched,肉瘤类,0,from_label_4,脂肪肉瘤,data/cache_96slice/tensors/G0340.pt,3
G0342,823c8f99e4c3a6d53047fe6d,d9f0341ded771f7f244bfcc0,女,64,2018,薄层静脉期,薄层,ambiguous,肉瘤类,0,from_label_4,脂肪肉瘤,data/cache_96slice/tensors/G0342.pt,4
G0348,fb628b2b2808022ebafa4b7d,fdf57581aab63bd543e694a8,男,68,2022,薄层静脉期,薄层,matched,肉瘤类,0,from_label_4,脂肪肉瘤,data/cache_96slice/tensors/G0348.pt,0
G0350,4abceb3d4846f3f9c1a1a304,e4217fe26503b4ffc85999bb,男,72,2019,薄层门脉期,薄层,matched,肉瘤类,0,from_label_4,脂肪肉瘤,data/cache_96slice/tensors/G0350.pt,4
G0351,e87e309911fa7637662a17eb,53f7766e1f311c94eb9a6106,女,55,2021,薄层静脉期,薄层,matched,肉瘤类,0,from_label_4,脂肪肉瘤,data/cache_96slice/tensors/G0351.pt,4
G0354,a9660035fbda18d25388582e,67e4f6269494c9d82120e458,女,64,2018,薄层静脉期,薄层,matched,肉瘤类,0,from_label_4,脂肪肉瘤,data/cache_96slice/tensors/G0354.pt,3
G0359,9fdb71024a2f24758e4b00fb,4df4c065fcc74e0aa52147b3,女,55,2021,薄层静脉期,薄层,ambiguous,肉瘤类,0,from_label_4,脂肪肉瘤,data/cache_96slice/tensors/G0359.pt,4
G0360,e141a33bb73da72e8124ec94,10fb22c7529bd7f42bf52f40,女,41,2024,薄层静脉期,薄层,matched,肉瘤类,0,from_label_4,脂肪肉瘤,data/cache_96slice/tensors/G0360.pt,4
G0362,0d3d049173ff0dc454eafa66,9e5c097daeb46090e834f421,男,49,2023,薄层静脉期,薄层,matched,肉瘤类,0,from_label_4,脂肪肉瘤,data/cache_96slice/tensors/G0362.pt,4
G0365,1b1a2a5030163e5afcdb69ee,a5a0cda1f35fb979533ed306,女,54,2023,薄层静脉期,薄层,no_pathology_name_match,肉瘤类,0,LPS_manual_match,脂肪肉瘤,data/cache_96slice/tensors/G0365.pt,0
G0366,ccac15c121a9467b04f43fc8,bbad50782e5083f39544fb2d,女,71,2019,薄层门脉期,薄层,ambiguous,肉瘤类,0,from_label_4,脂肪肉瘤,data/cache_96slice/tensors/G0366.pt,0
G0367,c19b01448329f9fe244eac9f,d943aa5a07eb2f572243ae08,女,66,2023,薄层静脉期,薄层,matched,肉瘤类,0,from_label_4,脂肪肉瘤,data/cache_96slice/tensors/G0367.pt,3
G0370,814175eaa344eb5dafe5357c,848db12850e40991de5f8ec6,女,60,2021,薄层静脉期,薄层,matched,肉瘤类,0,from_label_4,脂肪肉瘤,data/cache_96slice/tensors/G0370.pt,0
G0371,deadf03e83e80f3ceec17cec,e78d0b607a2a46288d8e4971,女,70,2020,薄层静脉期,薄层,matched,肉瘤类,0,from_label_4,脂肪肉瘤,data/cache_96slice/tensors/G0371.pt,3
G0372,7840d2559b276a83c449fada,40023f450489683ed86ca419,男,75,2021,薄层静脉期,薄层,ambiguous,肉瘤类,0,from_label_4,脂肪肉瘤,data/cache_96slice/tensors/G0372.pt,3
G0378,342756e3bd74a5bcea426772,2d17c80b98911c3173bb1c80,男,53,2022,薄层静脉期,薄层,matched,肉瘤类,0,from_label_4,脂肪肉瘤,data/cache_96slice/tensors/G0378.pt,0
G0379,5f8a8b6d652285702c1c3212,214f71d5098bb2faf6e78dec,男,52,2021,薄层静脉期,薄层,matched,肉瘤类,0,from_label_4,脂肪肉瘤,data/cache_96slice/tensors/G0379.pt,0
G0382,1965f2c119781cc5004d1187,db4592152a96428cfb386198,女,68,2022,薄层静脉期,薄层,matched,肉瘤类,0,from_label_4,脂肪肉瘤,data/cache_96slice/tensors/G0382.pt,4
G0384,cffa3e50bd775fb1a50dc954,53b6e64c71695069afb8cf86,男,67,2022,薄层静脉期,薄层,matched,肉瘤类,0,from_label_4,脂肪肉瘤,data/cache_96slice/tensors/G0384.pt,4
G0385,c6454838ccff225356f9e8b9,dc150e9767e44d5b3ceecc42,男,73,2023,薄层静脉期,薄层,matched,肉瘤类,0,from_label_4,脂肪肉瘤,data/cache_96slice/tensors/G0385.pt,0
G0389,7969f92a40062b87b310abaa,4c03caaa683cd8db0d4c8dd5,男,55,2018,薄层静脉期,薄层,matched,肉瘤类,0,from_label_4,脂肪肉瘤,data/cache_96slice/tensors/G0389.pt,3
G0391,316514b50d01eb520c6ca670,f649a8665808b1db584c36a3,女,35,2018,薄层静脉期,薄层,matched,肉瘤类,0,from_label_4,脂肪肉瘤,data/cache_96slice/tensors/G0391.pt,0
G0395,6e7741d2879b8a455d722c24,f917f986bb1e2a3b807c7d11,女,43,2020,薄层静脉期,薄层,matched,肉瘤类,0,from_label_4,脂肪肉瘤,data/cache_96slice/tensors/G0395.pt,4
G0396,96c790d143b12ebc93a93083,0ba265d4ea3e4a0c88bbcb54,女,65,2020,薄层静脉期,薄层,matched,肉瘤类,0,from_label_4,脂肪肉瘤,data/cache_96slice/tensors/G0396.pt,0
G0400,490205238635064421b098b4,3cf889e8b5be52dfd62b213b,男,59,2023,薄层静脉期,薄层,matched,肉瘤类,0,from_label_4,脂肪肉瘤,data/cache_96slice/tensors/G0400.pt,4
G0405,467a830d18ff2608ae77cfec,d1cc354bd075006147f3b491,男,74,2023,薄层静脉期,薄层,matched,肉瘤类,0,from_label_4,脂肪肉瘤,data/cache_96slice/tensors/G0405.pt,0
G0411,f688d9d8715db42b782122e5,bf3345f3f522d0be0a406700,女,30,2022,薄层静脉期,薄层,matched,良性神经源性肿瘤,1,from_label_4,节细胞神经瘤,data/cache_96slice/tensors/G0411.pt,4
G0412,ebc9da995c38f6e9a71b8ee8,5135e766bd86dc3b2904695c,女,37,2023,薄层静脉期,薄层,matched,良性神经源性肿瘤,1,from_label_4,节细胞神经瘤,data/cache_96slice/tensors/G0412.pt,0
G0418,b951db3de4d122630f065ca5,9824ebfec60c1f64f19ac0a1,女,31,2023,薄层静脉期,薄层,matched,良性神经源性肿瘤,1,from_label_4,节细胞神经瘤,data/cache_96slice/tensors/G0418.pt,4
G0419,e7140ad68fa709c35dcb578e,57e4779dd306cc7d56f60350,女,53,2022,薄层静脉期,薄层,matched,良性神经源性肿瘤,1,from_label_4,节细胞神经瘤,data/cache_96slice/tensors/G0419.pt,3
G0420,b11569a617cc0426f12c3272,b8106dbbe130613a6ee5925b,女,16,2021,薄层静脉期,薄层,matched,良性神经源性肿瘤,1,from_label_4,节细胞神经瘤,data/cache_96slice/tensors/G0420.pt,4
